Workbook

Sheet Distance data
E1: Enter last 2 digits of student ID
E2: 67
A4: From/ To | B4: Depot | C4: Customer 1 | D4: Customer 2 | E4: Customer 3 | F4: Customer 4 | G4: Customer 5 | H4: Customer 6 | I4: Customer 7 | J4: Customer 8
A5: Depot | B5: =ROUND(Sheet1!B2,0) -> 0 | C5: =ROUND(Sheet1!C2,0) -> 72 | D5: =ROUND(Sheet1!D2,0) -> 37 | E5: =ROUND(Sheet1!E2,0) -> 82 | F5: =ROUND(Sheet1!F2,0) -> 42 | G5: =ROUND(Sheet1!G2,0) -> 73 | H5: =ROUND(Sheet1!H2,0) -> 70 | I5: =ROUND(Sheet1!I2,0) -> 52 | J5: =ROUND(Sheet1!J2,0) -> 23
A6: Customer 1 | B6: =ROUND(Sheet1!B3,0) -> 72 | C6: =ROUND(Sheet1!C3,0) -> 0 | D6: =ROUND(Sheet1!D3,0) -> 42 | E6: =ROUND(Sheet1!E3,0) -> 52 | F6: =ROUND(Sheet1!F3,0) -> 50 | G6: =ROUND(Sheet1!G3,0) -> 64 | H6: =ROUND(Sheet1!H3,0) -> 25 | I6: =ROUND(Sheet1!I3,0) -> 46 | J6: =ROUND(Sheet1!J3,0) -> 70
A7: Customer 2 | B7: =ROUND(Sheet1!B4,0) -> 37 | C7: =ROUND(Sheet1!C4,0) -> 42 | D7: =ROUND(Sheet1!D4,0) -> 0 | E7: =ROUND(Sheet1!E4,0) -> 31 | F7: =ROUND(Sheet1!F4,0) -> 51 | G7: =ROUND(Sheet1!G4,0) -> 79 | H7: =ROUND(Sheet1!H4,0) -> 56 | I7: =ROUND(Sheet1!I4,0) -> 47 | J7: =ROUND(Sheet1!J4,0) -> 86
A8: Customer 3 | B8: =ROUND(Sheet1!B5,0) -> 82 | C8: =ROUND(Sheet1!C5,0) -> 52 | D8: =ROUND(Sheet1!D5,0) -> 31 | E8: =ROUND(Sheet1!E5,0) -> 0 | F8: =ROUND(Sheet1!F5,0) -> 76 | G8: =ROUND(Sheet1!G5,0) -> 39 | H8: =ROUND(Sheet1!H5,0) -> 47 | I8: =ROUND(Sheet1!I5,0) -> 31 | J8: =ROUND(Sheet1!J5,0) -> 49
A9: Customer 4 | B9: =ROUND(Sheet1!B6,0) -> 42 | C9: =ROUND(Sheet1!C6,0) -> 50 | D9: =ROUND(Sheet1!D6,0) -> 51 | E9: =ROUND(Sheet1!E6,0) -> 76 | F9: =ROUND(Sheet1!F6,0) -> 0 | G9: =ROUND(Sheet1!G6,0) -> 56 | H9: =ROUND(Sheet1!H6,0) -> 61 | I9: =ROUND(Sheet1!I6,0) -> 49 | J9: =ROUND(Sheet1!J6,0) -> 80
A10: Customer 5 | B10: =ROUND(Sheet1!B7,0) -> 73 | C10: =ROUND(Sheet1!C7,0) -> 64 | D10: =ROUND(Sheet1!D7,0) -> 79 | E10: =ROUND(Sheet1!E7,0) -> 39 | F10: =ROUND(Sheet1!F7,0) -> 56 | G10: =ROUND(Sheet1!G7,0) -> 0 | H10: =ROUND(Sheet1!H7,0) -> 27 | I10: =ROUND(Sheet1!I7,0) -> 33 | J10: =ROUND(Sheet1!J7,0) -> 33
A11: Customer 6 | B11: =ROUND(Sheet1!B8,0) -> 70 | C11: =ROUND(Sheet1!C8,0) -> 25 | D11: =ROUND(Sheet1!D8,0) -> 56 | E11: =ROUND(Sheet1!E8,0) -> 47 | F11: =ROUND(Sheet1!F8,0) -> 61 | G11: =ROUND(Sheet1!G8,0) -> 27 | H11: =ROUND(Sheet1!H8,0) -> 0 | I11: =ROUND(Sheet1!I8,0) -> 20 | J11: =ROUND(Sheet1!J8,0) -> 36
A12: Customer 7 | B12: =ROUND(Sheet1!B9,0) -> 52 | C12: =ROUND(Sheet1!C9,0) -> 46 | D12: =ROUND(Sheet1!D9,0) -> 47 | E12: =ROUND(Sheet1!E9,0) -> 31 | F12: =ROUND(Sheet1!F9,0) -> 49 | G12: =ROUND(Sheet1!G9,0) -> 33 | H12: =ROUND(Sheet1!H9,0) -> 20 | I12: =ROUND(Sheet1!I9,0) -> 0 | J12: =ROUND(Sheet1!J9,0) -> 25
A13: Customer 8 | B13: =ROUND(Sheet1!B10,0) -> 23 | C13: =ROUND(Sheet1!C10,0) -> 70 | D13: =ROUND(Sheet1!D10,0) -> 86 | E13: =ROUND(Sheet1!E10,0) -> 49 | F13: =ROUND(Sheet1!F10,0) -> 80 | G13: =ROUND(Sheet1!G10,0) -> 33 | H13: =ROUND(Sheet1!H10,0) -> 36 | I13: =ROUND(Sheet1!I10,0) -> 25 | J13: =ROUND(Sheet1!J10,0) -> 0

Sheet Sheet1
A1: From/ To | B1: Depot | C1: Customer 1 | D1: Customer 2 | E1: Customer 3 | F1: Customer 4 | G1: Customer 5 | H1: Customer 6 | I1: Customer 7 | J1: Customer 8
A2: Depot | B2: =B14 -> 0 | C2: =IF((C14+'Distance data'!$E$2/2)>90,C14,C14+'Distance data'!$E$2/2) -> 72 | D2: =IF(ABS(D14-'Distance data'!$E$2)<30,D14,ABS(D14-'Distance data'!$E$2)) -> 37 | E2: =IF((E14+'Distance data'!$E$2)>90,E14,E14+'Distance data'!$E$2) -> 82 | F2: =IF(ABS(F14-'Distance data'!$E$2)<20,Sheet1!F14,ABS(Sheet1!F14-'Distance data'!$E$2)) -> 42 | G2: =IF((G14+'Distance data'!$E$2*2)>90,G14,G14+'Distance data'!$E$2) -> 73 | H2: =IF(ABS(H14-'Distance data'!$E$2)<20,Sheet1!H14,ABS(Sheet1!H14-'Distance data'!$E$2)) -> 70 | I2: =IF((I14+'Distance data'!$E$2*3)>90,I14,I14+'Distance data'!$E$2) -> 52 | J2: =IF(ABS(J14-'Distance data'!$E$2)<20,Sheet1!J14,ABS(Sheet1!J14-'Distance data'!$E$2)) -> 23
A3: Customer 1 | B3: =C2 -> 72 | C3: 0 | D3: =IF(ABS(D15-'Distance data'!$E$2)<30,D15,ABS(D15-'Distance data'!$E$2)) -> 42 | E3: =IF((E15+'Distance data'!$E$2)>90,E15,E15+'Distance data'!$E$2) -> 52 | F3: =IF(ABS(F15-'Distance data'!$E$2)<20,Sheet1!F15,ABS(Sheet1!F15-'Distance data'!$E$2)) -> 50 | G3: =IF((G15+'Distance data'!$E$2*2)>90,G15,G15+'Distance data'!$E$2) -> 64 | H3: =IF(ABS(H15-'Distance data'!$E$2)<20,Sheet1!H15,ABS(Sheet1!H15-'Distance data'!$E$2)) -> 25 | I3: =IF((I15+'Distance data'!$E$2*3)>90,I15,I15+'Distance data'!$E$2) -> 46 | J3: =IF(ABS(J15-'Distance data'!$E$2)<20,Sheet1!J15,ABS(Sheet1!J15-'Distance data'!$E$2)) -> 70
A4: Customer 2 | B4: =D2 -> 37 | C4: =D3 -> 42 | D4: 0 | E4: =IF((E16+'Distance data'!$E$2)>90,E16,E16+'Distance data'!$E$2) -> 31 | F4: =IF(ABS(F16-'Distance data'!$E$2)<20,Sheet1!F16,ABS(Sheet1!F16-'Distance data'!$E$2)) -> 51 | G4: =IF((G16+'Distance data'!$E$2*2)>90,G16,G16+'Distance data'!$E$2) -> 79 | H4: =IF(ABS(H16-'Distance data'!$E$2)<20,Sheet1!H16,ABS(Sheet1!H16-'Distance data'!$E$2)) -> 56 | I4: =IF((I16+'Distance data'!$E$2*3)>90,I16,I16+'Distance data'!$E$2) -> 47 | J4: =IF(ABS(J16-'Distance data'!$E$2)<20,Sheet1!J16,ABS(Sheet1!J16-'Distance data'!$E$2)) -> 86
A5: Customer 3 | B5: =E2 -> 82 | C5: =E3 -> 52 | D5: =E4 -> 31 | E5: 0 | F5: =IF(ABS(F17-'Distance data'!$E$2)<20,Sheet1!F17,ABS(Sheet1!F17-'Distance data'!$E$2)) -> 76 | G5: =IF((G17+'Distance data'!$E$2*2)>90,G17,G17+'Distance data'!$E$2) -> 39 | H5: =IF(ABS(H17-'Distance data'!$E$2)<20,Sheet1!H17,ABS(Sheet1!H17-'Distance data'!$E$2)) -> 47 | I5: =IF((I17+'Distance data'!$E$2*3)>90,I17,I17+'Distance data'!$E$2) -> 31 | J5: =IF(ABS(J17-'Distance data'!$E$2)<20,Sheet1!J17,ABS(Sheet1!J17-'Distance data'!$E$2)) -> 49
A6: Customer 4 | B6: =F2 -> 42 | C6: =F3 -> 50 | D6: =F4 -> 51 | E6: =F5 -> 76 | F6: 0 | G6: =IF((G18+'Distance data'!$E$2*2)>90,G18,G18+'Distance data'!$E$2) -> 56 | H6: =IF(ABS(H18-'Distance data'!$E$2)<20,Sheet1!H18,ABS(Sheet1!H18-'Distance data'!$E$2)) -> 61 | I6: =IF((I18+'Distance data'!$E$2*3)>90,I18,I18+'Distance data'!$E$2) -> 49 | J6: =IF(ABS(J18-'Distance data'!$E$2)<20,Sheet1!J18,ABS(Sheet1!J18-'Distance data'!$E$2)) -> 80
A7: Customer 5 | B7: =G2 -> 73 | C7: =G3 -> 64 | D7: =G4 -> 79 | E7: =G5 -> 39 | F7: =G6 -> 56 | G7: 0 | H7: =IF(ABS(H19-'Distance data'!$E$2)<20,Sheet1!H19,ABS(Sheet1!H19-'Distance data'!$E$2)) -> 27 | I7: =IF((I19+'Distance data'!$E$2*3)>90,I19,I19+'Distance data'!$E$2) -> 33 | J7: =IF(ABS(J19-'Distance data'!$E$2)<20,Sheet1!J19,ABS(Sheet1!J19-'Distance data'!$E$2)) -> 33
A8: Customer 6 | B8: =H2 -> 70 | C8: =H3 -> 25 | D8: =H4 -> 56 | E8: =H5 -> 47 | F8: =H6 -> 61 | G8: =H7 -> 27 | H8: 0 | I8: =IF((I20+'Distance data'!$E$2*3)>90,I20,I20+'Distance data'!$E$2) -> 20 | J8: =IF(ABS(J20-'Distance data'!$E$2)<20,Sheet1!J20,ABS(Sheet1!J20-'Distance data'!$E$2)) -> 36
A9: Customer 7 | B9: =I2 -> 52 | C9: =I3 -> 46 | D9: =I4 -> 47 | E9: =I5 -> 31 | F9: =I6 -> 49 | G9: =I7 -> 33 | H9: =I8 -> 20 | I9: 0 | J9: =IF(ABS(J21-'Distance data'!$E$2)<20,Sheet1!J21,ABS(Sheet1!J21-'Distance data'!$E$2)) -> 25
A10: Customer 8 | B10: =J2 -> 23 | C10: =J3 -> 70 | D10: =J4 -> 86 | E10: =J5 -> 49 | F10: =J6 -> 80 | G10: =J7 -> 33 | H10: =J8 -> 36 | I10: =J9 -> 25 | J10: =J22 -> 0
A13: From/ To | B13: Depot | C13: Customer 1 | D13: Customer 2 | E13: Customer 3 | F13: Customer 4 | G13: Customer 5 | H13: Customer 6 | I13: Customer 7 | J13: Customer 8
A14: Depot | B14: 0 | C14: 72 | D14: 30 | E14: 82 | F14: 25 | G14: 73 | H14: 70 | I14: 52 | J14: 90
A15: Customer 1 | B15: =C14 -> 72 | C15: 0 | D15: 42 | E15: 52 | F15: 50 | G15: 64 | H15: 42 | I15: 46 | J15: 70
A16: Customer 2 | B16: =D14 -> 30 | C16: =D15 -> 42 | D16: 0 | E16: 31 | F16: 16 | G16: 79 | H16: 56 | I16: 47 | J16: 86
A17: Customer 3 | B17: =E14 -> 82 | C17: =E15 -> 52 | D17: =E16 -> 31 | E17: 0 | F17: 76 | G17: 39 | H17: 20 | I17: 31 | J17: 18
A18: Customer 4 | B18: =F14 -> 25 | C18: =F15 -> 50 | D18: =F16 -> 16 | E18: =F17 -> 76 | F18: 0 | G18: 56 | H18: 61 | I18: 49 | J18: 80
A19: Customer 5 | B19: =G14 -> 73 | C19: =G15 -> 64 | D19: =G16 -> 79 | E19: =G17 -> 39 | F19: =G18 -> 56 | G19: 0 | H19: 40 | I19: 33 | J19: 34
A20: Customer 6 | B20: =H14 -> 70 | C20: =H15 -> 42 | D20: =H16 -> 56 | E20: =H17 -> 20 | F20: =H18 -> 61 | G20: =H19 -> 40 | H20: 0 | I20: 20 | J20: 31
A21: Customer 7 | B21: =I14 -> 52 | C21: =I15 -> 46 | D21: =I16 -> 47 | E21: =I17 -> 31 | F21: =I18 -> 49 | G21: =I19 -> 33 | H21: =I20 -> 20 | I21: 0 | J21: 42
A22: Customer 8 | B22: =J14 -> 90 | C22: =J15 -> 70 | D22: =J16 -> 86 | E22: =J17 -> 18 | F22: =J18 -> 80 | G22: =J19 -> 34 | H22: =J20 -> 31 | I22: =J21 -> 42 | J22: 0
